{
    "loss": 24.260541915893555,
    "accuracy": 0.48201438784599304
}