{
    "loss": 17.939302444458008,
    "accuracy": 0.48201438784599304
}